Workbook

Sheet FRM
B2: Inputs | E2: Annual Return | F2: Probability
B3: Mean | C3: 0.05 | E3: =C3-(C4*4) -> -0.35 | F3: =NORMDIST(E3,$C$3,$C$4,FALSE)/100 -> 1.3383023e-05
B4: Standard Deviation (sigma) | C4: 0.1 | E4: =E3+($C$4/10) -> -0.34 | F4: =NORMDIST(E4,$C$3,$C$4,FALSE)/100 -> 1.9865547e-05
B5: Alpha (confidence level) | C5: 0.99 | E5: =E4+($C$4/10) -> -0.33 | F5: =NORMDIST(E5,$C$3,$C$4,FALSE)/100 -> 2.9194693e-05
E6: =E5+($C$4/10) -> -0.32 | F6: =NORMDIST(E6,$C$3,$C$4,FALSE)/100 -> 4.2478027e-05
B7: Risk Metrics | E7: =E6+($C$4/10) -> -0.31 | F7: =NORMDIST(E7,$C$3,$C$4,FALSE)/100 -> 6.1190193e-05
B8: Expected positive exposure (EPE) | C8: =C3*NORMSDIST(C3/C4)+C4*NORMDIST(C3/C4,0,1,FALSE) -> 0.069779656 | D8: =SUMPRODUCT(E39:E83,F39:F83) -> 0.069738161 | E8: =E7+($C$4/10) -> -0.3 | F8: =NORMDIST(E8,$C$3,$C$4,FALSE)/100 -> 8.726827e-05
B9: Expected negative exposure (ENE) | C9: =C3*NORMSDIST(-C3/C4)-C4*NORMDIST(-C3/C4,0,1,FALSE) -> -0.019779656 | D9: =SUMPRODUCT(E3:E37,F3:F37) -> -0.019740704 | E9: =E8+($C$4/10) -> -0.29 | F9: =NORMDIST(E9,$C$3,$C$4,FALSE)/100 -> 0.00012322192
B10: PFE at 99% | C10: =C3+NORMSINV(C5)*C4 -> 0.28263479 | E10: =E9+($C$4/10) -> -0.28 | F10: =NORMDIST(E10,$C$3,$C$4,FALSE)/100 -> 0.00017225689
B11: PFE at 1% | C11: =C3+NORMSINV(1-C5)*C4 -> -0.18263479 | E11: =E10+($C$4/10) -> -0.27 | F11: =NORMDIST(E11,$C$3,$C$4,FALSE)/100 -> 0.00023840882
B12: Expected Exposure (EE) | C12: =C8 -> 0.069779656 | E12: =E11+($C$4/10) -> -0.26 | F12: =NORMDIST(E12,$C$3,$C$4,FALSE)/100 -> 0.00032668191
B13: *Source: Jon Gregory: Counterparty Credit Risk | E13: =E12+($C$4/10) -> -0.25 | F13: =NORMDIST(E13,$C$3,$C$4,FALSE)/100 -> 0.00044318484
E14: =E13+($C$4/10) -> -0.24 | F14: =NORMDIST(E14,$C$3,$C$4,FALSE)/100 -> 0.00059525324
E15: =E14+($C$4/10) -> -0.23 | F15: =NORMDIST(E15,$C$3,$C$4,FALSE)/100 -> 0.00079154516
E16: =E15+($C$4/10) -> -0.22 | F16: =NORMDIST(E16,$C$3,$C$4,FALSE)/100 -> 0.0010420935
E17: =E16+($C$4/10) -> -0.21 | F17: =NORMDIST(E17,$C$3,$C$4,FALSE)/100 -> 0.0013582969
E18: =E17+($C$4/10) -> -0.2 | F18: =NORMDIST(E18,$C$3,$C$4,FALSE)/100 -> 0.00175283
E19: =E18+($C$4/10) -> -0.19 | F19: =NORMDIST(E19,$C$3,$C$4,FALSE)/100 -> 0.002239453
E20: =E19+($C$4/10) -> -0.18 | F20: =NORMDIST(E20,$C$3,$C$4,FALSE)/100 -> 0.0028327038
E21: =E20+($C$4/10) -> -0.17 | F21: =NORMDIST(E21,$C$3,$C$4,FALSE)/100 -> 0.0035474593
E22: =E21+($C$4/10) -> -0.16 | F22: =NORMDIST(E22,$C$3,$C$4,FALSE)/100 -> 0.0043983596
E23: =E22+($C$4/10) -> -0.15 | F23: =NORMDIST(E23,$C$3,$C$4,FALSE)/100 -> 0.0053990967
E24: =E23+($C$4/10) -> -0.14 | F24: =NORMDIST(E24,$C$3,$C$4,FALSE)/100 -> 0.0065615815
E25: =E24+($C$4/10) -> -0.13 | F25: =NORMDIST(E25,$C$3,$C$4,FALSE)/100 -> 0.0078950158
... E83: =E82+($C$4/10) -> 0.45 | F83: =NORMDIST(E83,$C$3,$C$4,FALSE)/100 -> 1.3383023e-05

Sheet Chart Helper
B2: Axis | C2: Mean | D2: EPE | E2: ENE | F2: PFE 1% | G2: PFE 99%
B3: 0 | C3: =FRM!C3 -> 0.05 | D3: =FRM!$C$8 -> 0.069779656 | E3: =FRM!$C$9 -> -0.019779656 | F3: =FRM!$C$11 -> -0.18263479 | G3: =FRM!$C$10 -> 0.28263479
B4: 0.04 | C4: =FRM!C3 -> 0.05 | D4: =FRM!$C$8 -> 0.069779656 | E4: =FRM!$C$9 -> -0.019779656 | F4: =FRM!$C$11 -> -0.18263479 | G4: =FRM!$C$10 -> 0.28263479
